<?xml version="1.0" encoding="utf-8" ?>
<dwsync>
<file name="Camera-section.png" server="classes.lt.unt.edu/Spring_2024/LTEC_3260_02x/QRARSite/" local="133539866729867031" remote="133566359060000000" Dst="2" />
<file name="camera.png" server="classes.lt.unt.edu/Spring_2024/LTEC_3260_02x/QRARSite/" local="133539161879002080" remote="133566359060000000" Dst="2" />
<file name="Dinocolor.png" server="classes.lt.unt.edu/Spring_2024/LTEC_3260_02x/QRARSite/" local="133539875683291946" remote="133566359060000000" Dst="2" />
<file name="dinojpg.png" server="classes.lt.unt.edu/Spring_2024/LTEC_3260_02x/QRARSite/" local="133524446130324679" remote="133566359060000000" Dst="2" />
<file name="discopark.jpg" server="classes.lt.unt.edu/Spring_2024/LTEC_3260_02x/QRARSite/" local="133539042742206287" remote="133566359060000000" Dst="2" />
<file name="discopark.webp" server="classes.lt.unt.edu/Spring_2024/LTEC_3260_02x/QRARSite/" local="133539038339209797" remote="133566359060000000" Dst="2" />
<file name="HBM.PNG" server="classes.lt.unt.edu/Spring_2024/LTEC_3260_02x/QRARSite/" local="133538945271618271" remote="133566359060000000" Dst="2" />
<file name="Homepage.html" server="classes.lt.unt.edu/Spring_2024/LTEC_3260_02x/QRARSite/" local="133571734288369116" remote="133571661510000000" Dst="2" />
<file name="Lilita_One.zip" server="classes.lt.unt.edu/Spring_2024/LTEC_3260_02x/QRARSite/" local="133538948436906272" remote="133566359060000000" Dst="2" />
<file name="Staatliches.zip" server="classes.lt.unt.edu/Spring_2024/LTEC_3260_02x/QRARSite/" local="133539048225430914" remote="133566359070000000" Dst="2" />
<file name="Get Started.png" server="classes.lt.unt.edu/Spring_2024/LTEC_3260_02x/QRARSite/" local="133561329778868762" remote="133561329770000000" Dst="2" />
<file name="QRARCSS.css" server="classes.lt.unt.edu/Spring_2024/LTEC_3260_02x/QRARSite/" local="133571719500653227" remote="133571646740000000" Dst="2" />
<file name="HomePage.html" server="classes.lt.unt.edu/Spring_2024/LTEC_3260_02x/QRARSite/" local="133571621604557792" remote="133571549120000000" Dst="2" />
<file name="discopark2.jpg" server="classes.lt.unt.edu/Spring_2024/LTEC_3260_02x/QRARSite/" local="133561277705736269" remote="133561277700000000" Dst="2" />
<file name="about.html" server="classes.lt.unt.edu/Spring_2024/LTEC_3260_02x/QRARSite/" local="133561424151552473" remote="133561424150000000" Dst="2" />
<file name="updatelog.html" server="classes.lt.unt.edu/Spring_2024/LTEC_3260_02x/QRARSite/" local="133571617014199662" remote="133571549120000000" Dst="2" />
<file name="mainentrancefirstfloorwingselection.html" server="classes.lt.unt.edu/Spring_2024/LTEC_3260_02x/QRARSite/" local="133571132679954425" remote="133571549250000000" Dst="2" />
<file name="mainentrancesecondfloorwingselection.html" server="classes.lt.unt.edu/Spring_2024/LTEC_3260_02x/QRARSite/" local="133571132680819698" remote="133571549260000000" Dst="2" />
<file name="ME-F1-A.html" server="classes.lt.unt.edu/Spring_2024/LTEC_3260_02x/QRARSite/" local="133571067226841593" remote="133571549260000000" Dst="2" />
<file name="ME-F1-B.html" server="classes.lt.unt.edu/Spring_2024/LTEC_3260_02x/QRARSite/" local="133571083882283367" remote="133571549260000000" Dst="2" />
<file name="ME-F1-D.html" server="classes.lt.unt.edu/Spring_2024/LTEC_3260_02x/QRARSite/" local="133571089269270333" remote="133571549260000000" Dst="2" />
<file name="ME-F1-E.html" server="classes.lt.unt.edu/Spring_2024/LTEC_3260_02x/QRARSite/" local="133571089268371256" remote="133571549260000000" Dst="2" />
<file name="ME-F1-F.html" server="classes.lt.unt.edu/Spring_2024/LTEC_3260_02x/QRARSite/" local="133571089267395881" remote="133571549260000000" Dst="2" />
<file name="ME-F1-G.html" server="classes.lt.unt.edu/Spring_2024/LTEC_3260_02x/QRARSite/" local="133571089266623173" remote="133571549260000000" Dst="2" />
<file name="ME-F1-H.html" server="classes.lt.unt.edu/Spring_2024/LTEC_3260_02x/QRARSite/" local="133571089265831946" remote="133571549260000000" Dst="2" />
<file name="ME-F1-J.html" server="classes.lt.unt.edu/Spring_2024/LTEC_3260_02x/QRARSite/" local="133571089264951504" remote="133571549270000000" Dst="2" />
<file name="ME-F1-K.html" server="classes.lt.unt.edu/Spring_2024/LTEC_3260_02x/QRARSite/" local="133571089263765962" remote="133571549270000000" Dst="2" />
<file name="ME-F1-M.html" server="classes.lt.unt.edu/Spring_2024/LTEC_3260_02x/QRARSite/" local="133571089262642223" remote="133571549270000000" Dst="2" />
<file name="MEF1B.png" server="classes.lt.unt.edu/Spring_2024/LTEC_3260_02x/QRARSite/" local="133571073784195801" remote="133571549270000000" Dst="2" />
<file name="MEF1D.png" server="classes.lt.unt.edu/Spring_2024/LTEC_3260_02x/QRARSite/" local="133571074030136125" remote="133571549270000000" Dst="2" />
<file name="MEF1E.png" server="classes.lt.unt.edu/Spring_2024/LTEC_3260_02x/QRARSite/" local="133571074303057020" remote="133571549280000000" Dst="2" />
<file name="MEF1F.png" server="classes.lt.unt.edu/Spring_2024/LTEC_3260_02x/QRARSite/" local="133571074562470174" remote="133571549280000000" Dst="2" />
<file name="MEF1G.png" server="classes.lt.unt.edu/Spring_2024/LTEC_3260_02x/QRARSite/" local="133571074828516310" remote="133571549280000000" Dst="2" />
<file name="MEF1H.png" server="classes.lt.unt.edu/Spring_2024/LTEC_3260_02x/QRARSite/" local="133571075059736411" remote="133571549290000000" Dst="2" />
<file name="MEF1J.png" server="classes.lt.unt.edu/Spring_2024/LTEC_3260_02x/QRARSite/" local="133571075551258512" remote="133571549290000000" Dst="2" />
<file name="MEF1K.png" server="classes.lt.unt.edu/Spring_2024/LTEC_3260_02x/QRARSite/" local="133571075777160003" remote="133571549290000000" Dst="2" />
<file name="MEF1M.png" server="classes.lt.unt.edu/Spring_2024/LTEC_3260_02x/QRARSite/" local="133571075995974625" remote="133571549290000000" Dst="2" />
<file name="MEF2(All).png" server="classes.lt.unt.edu/Spring_2024/LTEC_3260_02x/QRARSite/" local="133571103960313895" remote="133571549300000000" Dst="2" />
<file name="MEF2B.html" server="classes.lt.unt.edu/Spring_2024/LTEC_3260_02x/QRARSite/" local="133571114191589148" remote="133571549300000000" Dst="2" />
<file name="MEF2B.png" server="classes.lt.unt.edu/Spring_2024/LTEC_3260_02x/QRARSite/" local="133571104472572927" remote="133571549300000000" Dst="2" />
<file name="MEF2D.html" server="classes.lt.unt.edu/Spring_2024/LTEC_3260_02x/QRARSite/" local="133571120292285692" remote="133571549300000000" Dst="2" />
<file name="MEF2D.png" server="classes.lt.unt.edu/Spring_2024/LTEC_3260_02x/QRARSite/" local="133571104656865524" remote="133571549300000000" Dst="2" />
<file name="MEF2E.html" server="classes.lt.unt.edu/Spring_2024/LTEC_3260_02x/QRARSite/" local="133571123006764635" remote="133571549300000000" Dst="2" />
<file name="MEF2E.png" server="classes.lt.unt.edu/Spring_2024/LTEC_3260_02x/QRARSite/" local="133571104879959896" remote="133571549310000000" Dst="2" />
<file name="MEF2F.html" server="classes.lt.unt.edu/Spring_2024/LTEC_3260_02x/QRARSite/" local="133571123005721176" remote="133571549310000000" Dst="2" />
<file name="MEF2F.png" server="classes.lt.unt.edu/Spring_2024/LTEC_3260_02x/QRARSite/" local="133571105076896530" remote="133571549310000000" Dst="2" />
<file name="MEF2K.html" server="classes.lt.unt.edu/Spring_2024/LTEC_3260_02x/QRARSite/" local="133571126096525910" remote="133571549310000000" Dst="2" />
<file name="MEF2K.png" server="classes.lt.unt.edu/Spring_2024/LTEC_3260_02x/QRARSite/" local="133571105255469780" remote="133571549310000000" Dst="2" />
<file name="SP-F1-A.html" server="classes.lt.unt.edu/Spring_2024/LTEC_3260_02x/QRARSite/" local="133570970927263239" remote="133571549320000000" Dst="2" />
<file name="SP-F1-B.html" server="classes.lt.unt.edu/Spring_2024/LTEC_3260_02x/QRARSite/" local="133570970928663971" remote="133571549320000000" Dst="2" />
<file name="SP-F1-D.html" server="classes.lt.unt.edu/Spring_2024/LTEC_3260_02x/QRARSite/" local="133570970930364572" remote="133571549320000000" Dst="2" />
<file name="SP-F1-E.html" server="classes.lt.unt.edu/Spring_2024/LTEC_3260_02x/QRARSite/" local="133570970931949650" remote="133571549320000000" Dst="2" />
<file name="SP-F1-F.html" server="classes.lt.unt.edu/Spring_2024/LTEC_3260_02x/QRARSite/" local="133570970933165591" remote="133571549320000000" Dst="2" />
<file name="SP-F1-G.html" server="classes.lt.unt.edu/Spring_2024/LTEC_3260_02x/QRARSite/" local="133570970934333630" remote="133571549320000000" Dst="2" />
<file name="SP-F1-H.html" server="classes.lt.unt.edu/Spring_2024/LTEC_3260_02x/QRARSite/" local="133570970935383547" remote="133571549320000000" Dst="2" />
<file name="SP-F1-J.html" server="classes.lt.unt.edu/Spring_2024/LTEC_3260_02x/QRARSite/" local="133570970936824841" remote="133571549320000000" Dst="2" />
<file name="SP-F1-K.html" server="classes.lt.unt.edu/Spring_2024/LTEC_3260_02x/QRARSite/" local="133570970937946258" remote="133571549330000000" Dst="2" />
<file name="SP-F1-M.html" server="classes.lt.unt.edu/Spring_2024/LTEC_3260_02x/QRARSite/" local="133570970939231660" remote="133571549330000000" Dst="2" />
<file name="SP-F2-B.html" server="classes.lt.unt.edu/Spring_2024/LTEC_3260_02x/QRARSite/" local="133570969230605757" remote="133571549330000000" Dst="2" />
<file name="SP-F2-D.html" server="classes.lt.unt.edu/Spring_2024/LTEC_3260_02x/QRARSite/" local="133571134908968955" remote="133571549330000000" Dst="2" />
<file name="SP-F2-E.html" server="classes.lt.unt.edu/Spring_2024/LTEC_3260_02x/QRARSite/" local="133571077671715125" remote="133571549330000000" Dst="2" />
<file name="SP-F2-F.html" server="classes.lt.unt.edu/Spring_2024/LTEC_3260_02x/QRARSite/" local="133571077670712491" remote="133571549330000000" Dst="2" />
<file name="SP-F2-K.html" server="classes.lt.unt.edu/Spring_2024/LTEC_3260_02x/QRARSite/" local="133571077669582536" remote="133571549330000000" Dst="2" />
<file name="SPF1B.png" server="classes.lt.unt.edu/Spring_2024/LTEC_3260_02x/QRARSite/" local="133570915454576165" remote="133571549340000000" Dst="2" />
<file name="SPF1D.png" server="classes.lt.unt.edu/Spring_2024/LTEC_3260_02x/QRARSite/" local="133570915757814389" remote="133571549340000000" Dst="2" />
<file name="SPF1E.png" server="classes.lt.unt.edu/Spring_2024/LTEC_3260_02x/QRARSite/" local="133570916032875220" remote="133571549340000000" Dst="2" />
<file name="SPF1F.png" server="classes.lt.unt.edu/Spring_2024/LTEC_3260_02x/QRARSite/" local="133570916402417780" remote="133571549340000000" Dst="2" />
<file name="SPF1G.png" server="classes.lt.unt.edu/Spring_2024/LTEC_3260_02x/QRARSite/" local="133570916778477188" remote="133571549350000000" Dst="2" />
<file name="SPF1H.png" server="classes.lt.unt.edu/Spring_2024/LTEC_3260_02x/QRARSite/" local="133570917082390569" remote="133571549350000000" Dst="2" />
<file name="SPF1J.png" server="classes.lt.unt.edu/Spring_2024/LTEC_3260_02x/QRARSite/" local="133570917402978061" remote="133571549350000000" Dst="2" />
<file name="SPF1K.png" server="classes.lt.unt.edu/Spring_2024/LTEC_3260_02x/QRARSite/" local="133570917738318973" remote="133571549360000000" Dst="2" />
<file name="SPF1M.png" server="classes.lt.unt.edu/Spring_2024/LTEC_3260_02x/QRARSite/" local="133570918514895775" remote="133571549360000000" Dst="2" />
<file name="SPF2(All).png" server="classes.lt.unt.edu/Spring_2024/LTEC_3260_02x/QRARSite/" local="133570944847112777" remote="133571549360000000" Dst="2" />
<file name="SPF2B.png" server="classes.lt.unt.edu/Spring_2024/LTEC_3260_02x/QRARSite/" local="133570945100124378" remote="133571549360000000" Dst="2" />
<file name="SPF2D.png" server="classes.lt.unt.edu/Spring_2024/LTEC_3260_02x/QRARSite/" local="133570948895429155" remote="133571549370000000" Dst="2" />
<file name="SPF2E.png" server="classes.lt.unt.edu/Spring_2024/LTEC_3260_02x/QRARSite/" local="133570949983068435" remote="133571549370000000" Dst="2" />
<file name="SPF2F.png" server="classes.lt.unt.edu/Spring_2024/LTEC_3260_02x/QRARSite/" local="133570951259414437" remote="133571549370000000" Dst="2" />
<file name="SPF2K.png" server="classes.lt.unt.edu/Spring_2024/LTEC_3260_02x/QRARSite/" local="133570952338197973" remote="133571549370000000" Dst="2" />
<file name="studentparkingfirstfloorwingselection.html" server="classes.lt.unt.edu/Spring_2024/LTEC_3260_02x/QRARSite/" local="133571132678947750" remote="133571549380000000" Dst="2" />
<file name="studentparkingsecondfloorwingselection.html" server="classes.lt.unt.edu/Spring_2024/LTEC_3260_02x/QRARSite/" local="133571132677704240" remote="133571549380000000" Dst="2" />
<file name="MELANDINGQR.png" server="classes.lt.unt.edu/Spring_2024/LTEC_3260_02x/QRARSite/" local="133571661517026342" remote="133571597380000000" Dst="2" />
<file name="SPLANDINGPAGEQR.png" server="classes.lt.unt.edu/Spring_2024/LTEC_3260_02x/QRARSite/" local="133571657600672632" remote="133571597380000000" Dst="2" />
</dwsync>